<?xml version="1.0"?>
<doc>
    <assembly>
        <name>ShopBridge.API</name>
    </assembly>
    <members>
        <member name="M:ShopBridge.API.Controllers.InventoryController.GetInventoryItemsAsync(System.Int32,System.Int32,System.Nullable{System.Int32},System.Nullable{System.Int32},System.Nullable{System.Int32},System.Nullable{System.Int32},System.Nullable{System.Int32})">
            <summary>
            Retrieves Inventory items
            </summary>           
            <returns>A response with Inventory items list</returns>
            <response code="200">Returns the Inventory items list</response>
            <response code="500">If there was an internal server error</response>
        </member>
        <member name="M:ShopBridge.API.Controllers.InventoryController.GetInventoryItemAsync(System.Int32)">
            <summary>
            Retrieves a Inventory item by ID
            </summary>
            <param name="id">Inventory item id</param>
            <returns>A response with Inventory item</returns>
            <response code="200">Returns the Inventory items list</response>
            <response code="404">If Inventory item is not exists</response>
            <response code="500">If there was an internal server error</response>
        </member>
        <member name="M:ShopBridge.API.Controllers.InventoryController.AddInventoryItemAsync(ShopBridge.API.Models.PostInventoryItemsRequest)">
            <summary>
            Creates a new Inventory item
            </summary>
            <param name="request">Request model</param>
            <returns>A response with new Inventory item</returns>
            <response code="201">A response as creation of Inventory item</response>
            <response code="400">For bad request</response>
            <response code="500">If there was an internal server error</response>
        </member>
        <member name="M:ShopBridge.API.Controllers.InventoryController.UpdateInventoryItemAsync(System.Int32,ShopBridge.API.Models.PutInventoryItemsRequest)">
            <summary>
            Updates an existing Inventory item
            </summary>
            <param name="id">Inventory item ID</param>
            <param name="request">Request model</param>
            <returns>A response as update Inventory item result</returns>
            <response code="200">If Inventory item was updated successfully</response>
            <response code="400">For bad request</response>
            <response code="404">If Inventory item is not exists</response>
            <response code="500">If there was an internal server error</response>
        </member>
        <member name="M:ShopBridge.API.Controllers.InventoryController.DeleteInventoryItemAsync(System.Int32)">
            <summary>
            Deletes an existing Inventory item
            </summary>
            <param name="id">Inventory item ID</param>
            <returns>A response as delete Inventory item result</returns>
            <response code="200">If Inventory item was deleted successfully</response>
            <response code="404">If Inventory item is not exists</response>
            <response code="500">If there was an internal server error</response>
        </member>
    </members>
</doc>
